description,category
Sless Flippy Mini Dress,women dresses
Midi Pleated Skirt,women skirts
Stamos Mix Silk Raglan Knit Sweater,men outwear
Basic Training Tank Top,men tops
Fashion Camouflage Hooded Jacket,women outwear
Straight Leg Sweatpants,men trousers
Hooded Pull Over,men outwear
Ally 3/4 Spring Pullover,women outwear
Cropped Pleated Pants,women trousers
NB Athletics Archive Run Pants,men trousers
Lottie Paperbag Waist Shorts,women shorts
Logocon T-Shirt,men tops
Comfortable Round Neck Print T-Shirt,women outwear
Skinny Stretch Chinos,men trousers
Flag Chest Logo Sweatshirt,men outwear
Meet You There 7/8 Pants,men trousers
Chino Shorts,men shorts
Blue Crew T-Shirt,men tops
Co-Ord Single Breasted Blazer,women outwear
Patterned Bermuda Shorts,women shorts
Double Hybrid Zip Hoodie,women outwear
Tapered Linen Shorts,men shorts
Jogger Shorts,men shorts
Extended Sleeves Lapel Belted Dress,women dresses
Mono 1979 Zip Hood Jacket,women outwear
Yoke Front Mom Denim Shorts,women shorts
Solid Colour Straight-Fit Jeans,men trousers
Slim Fit Jeans,men trousers
Sleeveless Buckle Twill Vest,women outwear
Basic Sweat Pants,men trousers
Buckle Detail Tapered Pants,women trousers
Mori Plaid Hooded Warm Woolen Coat,women outwear
UA HG Print Armour Capri Bottoms,women trousers
Tropics Short & Gift Bag,women shorts
Dillon Shirt,men tops
NHIZ Special Project logo print shorts,men shorts
Hoff Shorts,men shorts
Cuffed Denim Shorts,women shorts
Buttons Detailed Skirt,women skirts
Layered Wide Leg Pants - Dark Grey,women trousers
Button Cami Fit and Flare Dress,women dresses
Cap Sleeves Square Neck Front Zip Top,women tops
Twist Hem Fashion Shirt,women tops
Men s Slim Fit Stretch Gabardine Bermuda Shorts,men shorts
Floral Semi Sheer Ruffle Tier Dress - Yellow,women dresses
Delaware3 Travel Slimfit Stretch Jeans - Boss Body,men trousers
High Waisted Crop Jeans,women trousers
54 Goods Raglan Entry Tee,women tops
Japan Range Long Pants,men trousers
Reebok Running Essentials Tights,women trousers
adidas originals flamestrk tt,men outwear
3 Pack Roll Sleeve T-shirts,women tops
EVENING Overlap Top Maxi Dress,women dresses
Skinny-Fit Jeans Shorts,women shorts
Petite Ivory High Neck Halter Knit Top,women tops
Petite Black Shirt Dress,women dresses
**Grey Manipulate Crepe Dress,women dresses
Pink Bardot Rib Jumper,women outwear
BTS Striped Colour-Block Cotton Hoodies,women outwear
Lace Midi Skirt,women skirts
Short Leg Super Skinny Jeans,women trousers
Pleated Front Skorts,women skirts
Fashion Wild Slim Shorts,women shorts
Box Fit Hoodie,men outwear
Vans Classic Long Sleeve Tee,men tops
Slim Fit Serge Chino Trousers,men trousers
Slim Scarab Stretch Chinos,men trousers
Stripe Button Crew Neck Knit,women outwear
Basic Slim Side Stripe Denim Joggers,men trousers
Packable Down Jacket,men outwear
Paperbag High Waist Midi Skirt,women skirts
adidas performance badge of sport long hoodie,women outwear
Nelson Pants,men trousers
Double Layer Cami Shift Dress,women dresses
Core Tech Muscle T-Shirt,men tops
Sleeveless Pleated Midi Dress with Self Tie,women dresses
Suit Cropped Trousers,women trousers
UA WHM Graphic Long Sleeve Tee,women tops
Technique Logo Hoodie,men outwear
Fleece Webex Extensions Jacket,men outwear
UA HG Armour Printed Leggings,women trousers
Laguna Shirt,men tops
Vintage Logo Linear Tee,men tops
Leopard Print Frankie Jeans,women trousers
Straight Performance Pants,men trousers
Basic Jogger Bermuda Shorts,men shorts
Canaletto T-shirt - Ellesse Core,men tops
Casual Elastic Waist Trousers,women trousers
Puff Sleeves Knee Length Dress,women dresses
Extended Sleeves Fit and Flare Dress,women dresses
Colorblock Panel Mini Skirt,women skirts
Applique New House Short Sleeve Baseball Tee,men tops
Basic Box Pleat Mini Skirt,women skirts
Ripped Jeans,women trousers
Essential Skinny Fit Pants,men trousers
Burgundy Borg Jacket,women outwear
Petite Billie & Blossom Black Ruffle Midi Dress,women dresses
Indigo Tyler Skinny Fit Jeans,men trousers
Plus Size Longline Kimono,women outwear
Zip Hooded Parka,men outwear
Ultra High Rise Skinny Jeans,women trousers
Micro Pleat Midi Dress,women dresses
Caleb Sherpa Jacket,men outwear
FILA Logo Sweatshirt,men outwear
adidas performance postgame retro fleck pullover,men outwear
Ruched Puff Sleeve Top,women tops
Women s Recheck Pack Leggings,women trousers
UA HG Armour Graphic Wordmark Leggings,women trousers
Embroidered Midi Trumpet Skirt,women skirts
Short Washed Black Alex Jeans,women trousers
Calvin Klein Packable Anorak,men outwear
Tassle Shorts,women shorts
Favorite Crop Graphic,women trousers
Grey Patch Pocket Wrap Coat,women outwear
Edit Short Sleeve Polo Shirt,men tops
Side Button Wrap Skirt,women skirts
Drop Shoulder Cropped Front Tie Shirt,women tops
Folded Sleeve Kimono,women outwear
Jogger Drawstring Shorts,women shorts
Petite Pale Pink Plisse Gingham Print Dress,women dresses
Thunder Sweat Hoodie,men outwear
V-Neck Cold Shoulder Dress,women dresses
Double Button Relaxed Blazer,women outwear
Early Departure Short Sleeve Tee,men tops
Skinny-Fit 5-Pocket Jeans,men trousers
Solid Coloured Shorts,men shorts
Utility Tencel Shirt,women tops
Stay Black Jeans,men trousers
Long Sleeve Rose Pink Oxford Shirt,men tops
Korea Collection Cropped Colour Block Hoodie,women outwear
Straight Shorts,men shorts
Sand Single Breasted Blazer,women outwear
Reebok Classics Cl F Linear Pant,men trousers
Stripe Long Sleeve Pullover,women outwear
Vintage Print Round Neck T-Shirt,women outwear
Zip Terry Hoodie,men outwear
Men s Slim Fit Stretch Gabardine Bermuda Shorts,men shorts
Petite Classic Black 90 s Oversized Joggers,women trousers
Lucas Pants,men trousers
Mixed Print Long Sleeve Shirt,men tops
Knitted Cardigan,men outwear
Hoodie Dress,women dresses
Twill Button Down Skirts,women skirts
Fringe Pop Icon V-Neck T-Shirt,men tops
Floral Half Sleeve Blouse,women tops
Polo Short Sleeve Jersey T-shirt,women tops
Black Waffle T-shirt,men tops
Printed Dress,women dresses
Paisley Midaxi Dress,women dresses
Puffy Textured Top,women tops
Waterfall Lapel Cardigan in Matcha,women outwear
Desert Alchemy 4 Pocket Jacket,men outwear
Longline Coat with Side Slits,women outwear
Stretch Rainshadow Jacket,women outwear
Over Size Checked Lapel Trench Coat,women outwear
Spinner Tank Top,men tops
Buttoned Down A-Line Skirt,women skirts
Shorts woven regular,men shorts
Slim Denim Jogger,men trousers
Grand Booty Support Ankle Biter Tights,women trousers
Zaria Midi Skirt,women skirts
Classic Blazer,women outwear
Bomber Style Collar Shacket,men outwear
Puff Sleeve Logo Crew Neck Sweatshirt,women outwear
Side Trim Shirt,men tops
Lapelled Leather Biker Jacket,women outwear
Ditsy Floral Printed Dress,women dresses
Pleated Wrap Fringed Mini Skirt,women skirts
Eletta Pleated Culottes in Stripes,women shorts
Stone Super Skinny Fit Suit Blazer,men outwear
Rope Tie Paperbag Shorts,women shorts
Polka Dot Short Sleeve Collar Shirt,men tops
Striped High Waist Shorts,women shorts
Mirna Stripe Long Sleeve Pullover,women outwear
adidas Burnout Graphic T-shirt,women tops
Quick-Drying Running Fitness Yoga Two-layers Tights Skirt,women trousers
Rattan Belted Shorts,women shorts
Openwork Cotton Dress,women dresses
Vintage Label Crew Sweater,men outwear
Checked Cargo Bermudas,men shorts
Asia Graphic Sweater,women outwear
Logo Hood Windjacket - Calvin Klein Performance,men outwear
Solid Coloured Shorts,men shorts
Simple Colorblock Hooded Sweater,women outwear
Petite Stone Ribbed Jacket,women outwear
Floral Lace Tube Top - Black,women shorts
Men s Informal Trousers,men trousers
Pleated Flare Skirt,women skirts
Front Panel Detail Long Sleeve Shirt,men tops
Petite Leopard Shorts,women shorts
High Waist Paisley Tied Shorts - Navy,women shorts
PINK PEARL BUTTON TROUSERS,women trousers
Short Sleeve Polo Shirt,men tops
Brad Slim Jeans,men trousers
Normal Fit Chino Pants,men trousers
Mina Wrap Skort(Revolve),women shorts
Doccer Crew Neck Knitwear,men outwear
Graphic print detachable sweatpants,men trousers
A-Line Skirt With Belt,women skirts
Tortoise Button Cuffed Shorts - Black,women shorts
Slit Sleeves Shawl Collar Blazer,women outwear
Ruched Long Sleeve Crop Top,women tops
Cap Sleeves Top with Pocket,women tops
Contrast Edging Knit Pants,women trousers
adidas w winners short-sleeve crew tee,women tops
Playful Purpose 7.8 Leggings,women trousers
Skinny Grey Jeans,men trousers
Wind Hooded Zip Through Cardigan,men outwear
adidas originals Reversible Jacket,women outwear
Center Pleated Shorts - Pink,women shorts
Choc Kickflare Trousers,women trousers
Burgundy Ruffle Front Shirt,women tops
Jenna Ripped Skinny Jeans,women trousers
Amelie A-Line Shorts,women shorts
Double Breasted Trench Coat,men outwear
Bum Lifting Basic Jeggings,women trousers
Sleeveless Shirt Dress,women dresses
Frilled Hem Chiffon Shorts,women shorts
Printed Skirt,women skirts
Viva Skirt,women skirts
Tower Silk Roll Neck Sweatshirt,men outwear
Petite Grey Ankle Grazer Trousers,women trousers
adidas Performance How We Do Tights,women trousers
Petite Belted Tailored Short,women shorts
Frill Cotton Dress,women dresses
Stripe Print Shorts,women shorts
Paperbag A-Line Skirt,women skirts
PETITE Black Leigh Jeans,women trousers
3060 Skinny Stretchable Chino Pants,men trousers
Striped Shorts With Rope Belt,women shorts
Faux Shearling-Lined Denim Jacket,men outwear
Midi Baby Doll Dress with Pockets,women dresses
Twist Hem Fashion Shirt,women tops
035 Straight Jeans - Calvin Klein Jeans,men trousers
Wolter Hoodie,men outwear
Calvin Klein Terry Towel Monogram Hoodie,men outwear
Ribbed Cardigan,women outwear
Coast Line Denim Shorts,women shorts
Button Front Duster Cardigan,women outwear
adidas performance ID Melange Hoodie,women outwear
Slim-Fit Regular-Leg 5-Pocket Jeans,men trousers
Authentic Cargo Pants,women trousers
Black and White Floral Tiered Midi Skirt,women skirts
Finsen Parka Jacket,men outwear
Basic Mid Ankle Jeans,women trousers
Casual High Waist Shorts with O-ring Belt,women shorts
Side Stripe Wide Leg Pants,women trousers
adidas bt hr 78 s 3s t,women trousers
High Waist Cargo Pants,women trousers
Volley Jogger Short,men shorts
Men s Power Thermo R+ Vent Training Shorts,men shorts
Utility Cargo Shorts,men shorts
Slim-Fit Gabardine Pants,men trousers
Shift Tweed Dress,women dresses
Research Short Sleeve Tee,men tops
Houndstooth Pull On Shorts,men shorts
Regular Fit Linen Shirt,men tops
Slim Organic Oxford Shirt Short Sleeve,men tops
Inverted Pleat Skirt,women skirts
Core Full Length Sports Tights,women trousers
Cropped Distressed Denim Jeans,men trousers
Round Neck Shift Dress,women dresses
Embroidery Logo Front T-shirt,men tops
Graphic Story Reflective Logo Sweat Pant - Calvin Klein Performance,women trousers
Woven Long Pants,men trousers
Front Tie Cropped Cardigan Blouse,women outwear
adidas originals Trefoil Manager Coat,men outwear
Burgundy Skinny Maverick Suit Trouser,men trousers
Active Icon Hoodie - Calvin Klein Performance,men outwear
Regular Woven Shorts,men shorts
Button and Pleat Detail Shorts,women shorts
Long Sleeve Henley Top,women tops
Dark Leopard Print Revere Shirt,men tops
Amari Knotted High Neck Top,women tops
Jogging Style Shorts,men shorts
Button Down Pocket Detail Skirt,women skirts
Stellar Crop Leggings,women trousers
Ripped Skinny Jeans,men trousers
Loose Straight Jeans 93417W,men trousers
Space Lines Pants - Calvin Klein Performance,men trousers
Glory Oversized Tee,women tops
Plus Size Buckle Detail Knit Skirt,women skirts
Icon Henley Winter T-Shirt,men tops
Vintage V-Neck Color Matching Blouse,women tops
Fashion Hooded Sweater Coat,women outwear
Sadie Shorts,women shorts
adidas tropical gfx,women tops
Red Fleece 7-Inch Shorts,men shorts
Active Peplum Jacket,women outwear
George Zip Cardigan,men outwear
High Rise Favorite Jegging,women trousers
Mock Neck Knit Sweater,women outwear
Lace Knee Length Sheath Dress,women dresses
Montana Split Tube Dress,women dresses
adidas fl_spr x ul hea,men tops
adidas performance own the run tights,women trousers
ORIGINALE Logo Print Zip Jacket,women outwear
Lettuce Baby Tee,women tops
Lace Square Neck Jumper,women outwear
Gordon Drawstring Linen Pants,men trousers
Mikkola Short Hooded Jacket,women outwear
Steven Quilted High Neck Jacket,men outwear
Msgd Side Panelled Legging,women trousers
Drawstring waist chino Pants 93308W,men trousers
Light Coat,women outwear
Asymmetric Detail Longline Vest,women outwear
Plus Size Wide Leg Pants,women trousers
Hayley Faux Suede Skirt,women skirts
UA Recover Knit Warm Up Jacket,men outwear
adidas originals trefoil hoodie,men outwear
Scoop Back Pleated Chiffon Swing Dress,women dresses
Textured Cropped Cardigan,women outwear
adidas originals big trefoil tracktop,men outwear
Aja Embroidered Shirt Long Sleeve W2,women tops
Core 7/8 Leggings,women trousers
UA Hg Armour Hi-Rise Ankle Crop Tights,women trousers
Plus Size Textured Knit Skirt,women skirts
Ab Waisted Fight Club 7/8 Tights,women trousers
Waist Tie Paperbag Mini Skirt,women skirts
Puffed Sleeves Top,women tops
Manipulated Neck Pencil Dress,women dresses
Regular-Fit Cotton Pants,men trousers
Belted Denim Shorts,women shorts
Dark Blue Blowout Stretch Skinny Jeans,men trousers
Mini Belted Flare Skirt - Black,women skirts
Basic Cotton Kurung With Pareo Skirt,women skirts
Extended Sleeves High Neck Top,women tops
Athletic Pants,men trousers
Fold Draped Skirt,women skirts
adidas originals 3 stripes tee,women tops
Oversized Heritage Check Cardigan,women outwear
Ben Overdye Long Sleeve Split Neck Tee,men tops
Westa Life Long Sleeve Denim Jacket,women outwear
White Slub Skinny Roller T-Shirt,men tops
Aiden Denim Midi Skirt,women skirts
RPD Logo Print Hoodie (Grey),men outwear
Blue Gingham Wrap Skirt,women skirts
Swiss Logo Cascade Entry Tee,women tops
Medium Exposed Vintage Shorts,women shorts
Belted Overlap Midi Skirt,women skirts
Clark Jeans,men trousers
Sportstyle Prime Iconic T7 Track Jacket TR,men outwear
Flared Trousers,women trousers
Tied knot dress,women dresses
Paperbag Midi Skirt,women skirts
Abrig Cartter,women outwear
Straight Skirt,women skirts
Pale Pink Floral Flounce Midi,women skirts
Taiwan Collection Short Sleeve Hoodie,men outwear
Ruffled End Sleeveless Top,women tops
Flare Sleeves Wrap Dress,women dresses
Blush Spot Print Midi Skirt,women skirts
HG Armour Graphic Leggings,women trousers
Long Sleeve Sweatshirt,men outwear
Printed Cotton Bermuda Shorts,men shorts
Textured Button Shirt,women tops
Smocked Dress,women dresses
Runa Spring Coat,women outwear
Skinny Fit Slim Leg Jeans,men trousers
Stripe Hem Sweatshirt,men outwear
Mehru Printed Cuffed Pants,women trousers
Stylish O-Neck Structure Pullover,women outwear
Cropped Biker Jacket,women outwear
Straight-Paris Solid Shorts,men shorts
John Reflex Jacket,men outwear
Statement Essentials Ck Logo Short Sleeve Tee,men tops
Black Peplum Hem Mini Dress,women dresses
adidas originals Outline Hoodie,men outwear
Skinny Red Morris Checked Trousers,men trousers
SLHTHOM Button Cardigan,men outwear
Booty Support High Waist Leggings,women trousers
Contrast Stripes Shorts,women shorts
Short Sleeve Panelled Stripe T-shirt,men tops
Long Sleeve Grey Split Slice Print Shirt,men tops
Solid Streak Long Sleeve UPF 50 Surf T-Shirt,men tops
Lion Crest T-Shirt,men tops
Petite Green Palazzo Trousers,women trousers
Pocket Cotton Blend Shorts,women shorts
Plus Size Black Geo Pleat Neck Top,women tops
Dual Buttons Blazer,women outwear
Wash Organic Cotton Denim Jacket,men outwear
Emilie Tie Knot Cami Top,women tops
Lola Sweater,women outwear
Hunter Crew Sweatshirt,men outwear
Japan Range Womens Basic Crew Neck Sweatshirt,women outwear
Reoparudo Reflective Patch Short (Blue)(Limited Edition),men shorts
Printed Cardigan,women outwear
Flare Hem Shorts in Navy Blue,women shorts
Teagan Schiffli Skirt,women skirts
Piper-Ann Mid Waist Stripe Shorts,women shorts
Will Joey Sweat Pants,men trousers
Olive Button Tapered Trousers,women trousers
Camel Super Soft Funnel Neck Jumper,women outwear
Short Sleeve T-shirt,women tops
As M Nike Sportswear Sport Pack Short Sleeve Tee,men tops
Elegant Mesh Skirt,women skirts
Pink Boucle Military Blazer,women outwear
Scuba Crepe Frill Maxi Dress,women dresses
Flare Midi Skirt,women skirts
Casual Slim Fit Jeans (Black),men trousers
Tapered Paperbag Trousers With Buttons,women trousers
Denim Overall,women shorts
Stripe High Waisted Shorts - Brown,women shorts
Reebok Training Workout Ready Activchill Sleeveless T-Shirt,men tops
UA Sportstyle Logo Tank,men tops
Metallic Accordian Pleated Midi Skirt,women skirts
Dockers Slim Fit Signature Khaki Pants Magnet 59407-0006,men trousers
Japan Range Long Sleeve Hoodie,men outwear
Square Neck Cami Fit & Flare Lace Dress,women dresses
Jubah Modern,women dresses
Co-Ord Button Down Midi Skirt,women skirts
Nike Men s JDI T-Shirt,men tops
Converse All Star Script FZ Hoodie,men outwear
Hansen Turn Up Shorts,men shorts
Regular-Fit Shorts With Side Pockets,men shorts
Midi Checkered Skirt - Navy,women skirts
Stretch Marl Grey Trousers,men trousers
PU Cargo Skirt,women skirts
Vintage Label Tonal Tape Joggers,men trousers
PG Metallic Entry Hoodie,women outwear
Fluted Hem Sleeveless Midi Dress,women dresses
Soft Wash Jude Skinny Jeans,men trousers
Matteo Midi Dress,women dresses
Petite Black Plisse Mini Skirt,women skirts
High-Elastic Soft Printed Yoga Fitness Tights,women trousers
Side Slit Sport Shorts,men shorts
3/4 High Waisted Sports Tights,women trousers
Basic Slim Fit Pants,men trousers
Two Tone Woven Logo Jacket,men outwear
Long Sleeve Jacket,men outwear
Basic High Waist Self Tie Shorts,women shorts
Rolled Cuffed Denim Shorts,men shorts
Sportstyle Cotton Wordmark Logo Shorts,men shorts
Tech Medium Tattersol Shirt,men tops
Levi s® Housemark Tee,men tops
Hoff Shorts,men shorts
Reebok Training Workout Ready Supremium Logo T-Shirt,women tops
Blue Midwash Frankie Jeans,women trousers
Theo Breathylon Joggers,men trousers
Icon Popover Hoodie,men outwear
Curve Waterfall Lapel Cardigan in Macchiato,women outwear
Rope belt distressed jeans,men trousers
Billy Bomber Jackets,men outwear
Stone Visionary Print T-shirt,men tops
Sandra Lace Sleeveless Top,women tops
Light Grey Oversized T-Shirt,men tops
Basic Self Tie Pleated Shorts,women shorts
Stargazer Midi Skirt,women skirts
Taiwan Collection Reversible Bomber Jacket,women outwear
Belted Puff Sleeve Mini Dress - Mid Grey,women dresses
Button Pleated Shorts,women shorts
Square Neck Puff Shoulder Top,women tops
Vincey Emblem Logo Sweatshirt,men outwear
Quick-Drying Running Fitness Yoga Jacket,women outwear
Prince Wide Leg Pants,women trousers
Sportstyle Core Ess Logo Tee,women tops
Cami Button Down Fit & Flare Dress,women dresses
Longline Blazer,women outwear
Lurex Skirt,women skirts
Favour Jupiter PU Jacket,men outwear
Rowan Belted Skirt,women skirts
Brown Animal Pleat Midi Skirt,women skirts
Big foot badge shorts,men shorts
Basic Batwing Crop Top,women tops
Foil Print Asymmetric Midi,women dresses
Rihanna Fight Club 7/8 Tights,women trousers
Leopard Print Pleat Midi Skirt,women skirts
Short Sleeve Ecru Palm Shirt,men tops
California Casual Hoodie,men outwear
Mark Regular Mel Shorts,men shorts
Bow Tie Midi Skirt,women skirts
3/4 Sleeve Top,women tops
Black Star Tie Pleated Midi Skirt,women skirts
Beach Knot Tank Top,women tops
WCC Striped Hem Short Sleeve Shirt,men tops
Shorts Woven Short,women shorts
Regular Chino Trousers,men trousers
Navy Slim Stripe Jogger,men trousers
Sweet Heart Jersey Dress with Bow Detail,women dresses
Icon Henley T-Shirt,men tops
UA W Fly Fast Capris,women trousers
Slim-Fit 5-Pocket Jeans,men trousers
The Cara Short(Revolve),women shorts
Longline Kimono,women outwear
Stone Drawstring Shirt Dress,women dresses
Green Melange Signature Tights,women trousers
Alex Crew Neck Sweatshirt,men outwear
Irving Midi Skirt,women skirts
White Short Sleeve T-Shirt,men tops
Inez 3/4 Zipper Blazer,women outwear
Two-Layer Quick-Drying Running Fitness Yoga Shorts,women shorts
Guess 4G Logo Sweatshirt,women outwear
Six Button Double Breasted Suit Blazer,women outwear
UA Sportstyle Tricot Jacket,men outwear
Mustard Crombie Coat,women outwear
Closet Gold Blue and Floral Full Skirt Dress,women dresses
Pull String Waist Midi Dress withSlits,women dresses
Newport Shorts,women shorts
Podium T-Shirt,men tops
Novelty Sweatshirt Pullover,women outwear
Ztay Dry - Slim Fit Solid Pants,men trousers
adidas International 3-Stripes Pants - adidas performance,men trousers
Men s Cargo Jogger Pants,men trousers
Logo Leggings,women trousers
Training Core Foundation Meet You There Woven 1/2 Zip Sweatshirt,men outwear
Density Visions Reversible Puffer Jacket,women outwear
Pleated Midi Skirt,women skirts
Washed Chino Short,men shorts
Sprint Attacker Jacket,men outwear
INT ZEBRA MIDI SKIRT,women skirts
Tamara Carnival Dress,women dresses
Stefani Shorts - Ellesse Heritage,women shorts
Orange Label Vintage Embroidery Tee,men tops
Warning Tape Joggers,men trousers
Tie Detail Tiered Maxi Dress,women dresses
Super Skinny Jeans,men trousers
Lazlo Colourblock Knitted Pullover,men outwear
Red Collarless Rollsleeve,women tops
Brenda Belted Boucle Dress,women dresses
Belted Camel Trench Coat,women outwear
Flutter Trim Shorts,women shorts
Slim Button-Down Pants in Sable,women trousers
Long Sleeve T-Shirt,women tops
Logo zip denim shorts,women shorts
Waytt II Tapered Elastic Waist Pants,men trousers
Jogging Style Bermuda Shorts,men shorts
INT GEO BUTTON NECK TOP,women tops
Long Sleeve Essentials Arctic Velocity Jacket,women outwear
Layered Net Yarn Skirt,women skirts
Basic Asymmetric Button Midi Skirt,women skirts
Basic A-Line Midi Skirt,women skirts
Solid Coloured Shorts,men shorts
Co-ord Relaxed Double Breast Blazer,women outwear
Patch Pocket Denim Midi Skirt,women skirts
Venice Cuffed Mom Shorts,women shorts
Elegant Pleated Front-Open Dress,women skirts
Pockets Cotton Bermuda Shorts,men shorts
Midi Floral Flared Dress - White,women dresses
UA Project Rock Bull Tank Top,women tops
Recycled Crew Neck Jumper,women outwear
adidas originals r.y.v. fz hoody,men outwear
Petite Blue Spot Print Pleat Skater Dress,women dresses
UA Play Up 2.0 Shorts,women shorts
Long Sleeve indigo Chambray Shirt,men tops
Black Pu Pencil Skirt,women skirts
Core Fleece Statement Zip Hoodie,women outwear
High Waist Wide Leg Pants - Cream,women trousers
Basic Slim Fit Shorts,men shorts
Long Sleeve Zip Up Hoddie,men outwear
Modern Chic Knit Pant,women trousers
White Stretch Skinny Shirt,men tops
Queenstown Jog Pants - Ellesse  Core,women trousers
EVENING Toga Maxi Dress with Slit,women dresses
Raglan Slim Core Tech Logo T-Shirt,men tops
EVENING Chain Strap Cut in Maxi Dress,women dresses
Core Applique Tee,men tops
Printed Swim Shorts,men shorts
Ervina Skirt,women skirts
Layered Net Yarn Skirt,women skirts
Oversize Belted High Waist Shorts - Black,women shorts
PKTAKM Quilt Jacket,men outwear
Classic Timeless Tech T-Shirt,women tops
Classic Short Jacket,men outwear
Ruffles Side Slit Skirt,women skirts
Layered Tier Cami Pleated Midi Dress,women dresses
Smart Tape Jogger Trousers,men trousers
Reebok Training Mid Ts Ac Graphic Tee,women tops
Cotton Embroidered Drawstring Cami Top,women tops
430 Slim Fit Stretchable Chinos,men trousers
Frayed Hem Overlap Skirt,women skirts
Elastic Waist Versatile Denim Shorts,women shorts
"Mirage Conner Flyer 19"" Boardshorts",men shorts
Will Joey Sweat Pants,men trousers
Frilled Trim Blouse - Green,women tops
Drawstring waist chino Pants A003-HZ7023,men trousers
Charcoal Borg,women outwear
Flexx Sweat Hoodie,men outwear
Slim Fit Serge Chino Trousers,men trousers
Raven Paneled Crew Sweatshirt,women outwear
Side Button Culottes - Black,women trousers
Self Tie Cropped Jeans,women trousers
Doffy Long Sleeve O-Neck New Block Sweater,women outwear
Famme Sportswear Black Seamless Shorts,women shorts
Paperbag A-Line Skirt,women skirts
Logo Sweatpants,women trousers
Raven Tie Waist Trousers,women trousers
Tie a Knot Skirts in Red,women shorts
Organic Cotton T-Shirt,women tops
Square Neck Top With Ribbon Back,women tops
Japan Range Mens Basic Crew Neck Sweatshirt,women outwear
Sportstyle Graphic Muscle Tank Top,women tops
FILA．kay...isn t me Collection Ruffled Sleeveless Top,women tops
Colour Bermuda Shorts,men shorts
790 Relaxed Fit Jeans,men trousers
Relaxed-Fit Medium Wash Jeans,women trousers
Rib Slit Skirt,women skirts
White Chevron Cut and Sew Polo Shirt,men tops
Co-Ord Shacket Shirt,men outwear
Jersey Blocking T-Shirt,men tops
Basic Bermuda Jogger Shorts,men shorts
UA Vanish Woven Graphic Shorts,men shorts
Basic Collar Top,women tops
adidas performance must haves badge of sport tee,women tops
Blue Skinny Jeans,men trousers
Rick Oversize Teddy Jacket,men outwear
Athletics Select Track Pullover,women outwear
PKTHNN Knitted Crew Neck Sweater,men outwear
Mesh Detail Vest,women outwear
Knot Gingham Checkered Mini Skirt,women skirts
UA Charged Cotton Adjustable Tank Top,women tops
Straight Washed Jeans,men trousers
Pop Icon V-Neck T-Shirt,men tops
Square Neck Pleat Detail Sheath Dress,women dresses
Ivory Floral Tie Midi Skirt,women skirts
Padded Elite Jacket,men outwear
Tellia Layered Skirt,women skirts
Cotton Jersey Polo T-shirt,women tops
Short Skirt,women skirts
DeFacto Man Trousers,men trousers
Long Sleeves Pull String Detail Dress,women dresses
adidas performance Freelift Climachill Tee,men tops
High Waist Checkered Shorts,women shorts
Two-Layer Quick-Drying Running Fitness Yoga Shorts,women shorts
UA MK1 Warm Up Shorts,men shorts
Glitter Emboss Entry Tee,women tops
Blush Floral Print Split Front Dress,women dresses
New Hopkins Wool Suit Jacket,men outwear
Waist Tie A Line Skirt - Brown,women skirts
adidas originals R.Y.V. crop hoodie,women outwear
Race Ready Moto Leggings,women trousers
Lace Shorts,women shorts
Hooded Polar Wind Attacker,men outwear
Truc Slim Fit Sweat Cargo Pants,men trousers
Navy 3/4 Sleeve Crepe Dress,women dresses
Regular Grey Eden Jeggings,women trousers
Striped Polo Shirt,men tops
Stone Oversized Joggers,women trousers
Woven Slim Pants,women trousers
Arctic Velocity SD-Windcheater,women outwear
Ombre Print Logo T-Shirt,men tops
Mialle Tie Front Shorts,women shorts
One Pocket Overshirt,men outwear
Khaki Utility Jeans,women trousers
Sportstyle Core ESS Polo,women tops
Front Mesh Detail Tank Top,women tops
Regular Fit Denim Shorts,men shorts
Joshua Sweat Hoodie,men outwear
Ochre Space Dye Cropped Trousers,women trousers
Pinstripe Dress,women dresses
Korean Elegant Tee Dress,women outwear
As W Nike Air Top,women tops
Long Pants-119,men trousers
Gabbi Calf Skirt,women skirts
Pockets Cotton Bermuda Shorts,men shorts
Maison Taped Jogger Pants,men trousers
CNY Year Of The Rat Sweater,men outwear
Basic Side Contrast Swing Skirt,women skirts
Taiwan Collection Hoodie Dress,women outwear
GPS Sweat Shirt,men outwear
Contrast Panel Sleeveless Dress,women dresses
Washed Chino Shorts,men shorts
Track And Field Lite Ziphoodie,women outwear
Times Stand Trench Coat,men outwear
Stripes Pleated Skirt,women skirts
Pleat Button Frill Strap Midi,women dresses
PUMA Cloud Pack Women s Track Pants 596346,women trousers
Dockers Slim Tapered Fit Original Khaki All Seasons Tech™ Pants Navy 59463-0004,men trousers
Regular Black Frankie,women trousers
Bedford Pencil Skirt,women skirts
Floral Puff Sleeve Midi,women dresses
Colorblock V-Neck Front Slit Dress,women dresses
Mixed Print Long Sleeve Shirt,men tops
Calvin Klein 37 5 Regular Short Sleeve Tee,men trousers
Rust Wide Leg Trousers,women trousers
Double Button Jacket,women outwear
RPD Racing Cross Space Print Short (Black),men shorts
Japan Range Basic T-Shirt,women tops
Cap Sleeves Midi Sheath Dress,women dresses
Plush Cotton Sweatshirt,men outwear
Black Button Cuff Roll Neck Jumper,women outwear
Skinny Jeans,men trousers
Petite Ivory Twill Shirt,women tops
"UA Qualifier Speedpocket 5"" Shorts",men shorts
Printed Midi Skirt,women skirts
Levi s 712 Slim Jeans 18884-0175,women trousers
Vintage Track Pant,women trousers
Slim-Fit Gabardine Chino Pants,men trousers
Overlap Kimono Sleeves Dress,women dresses
V-Neck Pleat Front Detail Dress,women dresses
Kendra Cargo Pants,women trousers
Lace Trim Shorts - Pink,women shorts
Regular-Fit Short With Side Pockets,men shorts
Jogger Pants,men trousers
Summer Chiffon Top,women tops
Navy Paisley Print Polo Shirt,men tops
Vesper Yvette Midi Skirt With Frill,women skirts
Barnett Shirt,men tops
Maison Riviera Grandad Slim Fit Shirt,men tops
Leopard Print Bias Midi Skirt,women skirts
Side Pockets Wide Leg Pants - Blue,women trousers
adidas performance vrct jacket,women outwear
Half Font Green Panel T-Shirt,men tops
Pockets Details Denim Jacket,women outwear
Regular-Fit Wide-Leg Jeans,men trousers
Cropped Hoodie,women outwear
Easy Short,men shorts
Japan Range Logo T-Shirt,men tops
V-Neck Front Tie Kimono Sleeves Dress,women dresses
Active camo mesh tee,women tops
Catelyn Dress,women dresses
Green Rib Knitted Top,women tops
Dress Pants in Espresso,women trousers
Navy Linen Skinny Trousers,men trousers
Structured Paperbag Shorts,women shorts
Track & Field Hood,men outwear
Black O-Ring Shorts,women shorts
Classic Lite Micro Pique Polo Shirt,men tops
Woven Midi Dress,women dresses
Quick-Drying Running Fitness Yoga Mesh Vest,women tops
PKTVIY Basic Zip Through Hooded Cardigan,men outwear
Utility Woven Pants,men trousers
Lightweight Bomber Jacket,women outwear
Christmas Flannel Blouse,women tops
Rookie Down Parka,women outwear
Woven Shorts Fine Twill,women shorts
Brett Denim Skirt,women skirts
Velocity Arctic Sd Windcheater,women outwear
Basic Plain Casual Long Sleeves Shirt,men tops
A-Monogram Patch Pants - Calvin Klein Jeans,men trousers
EVENING Sequin Bodycon Skirt,women skirts
Black Contrast Stitch Utility Trousers,women trousers
Slim Pop Icon Polo Shirt,men tops
Dropped Hem Dress,women dresses
Beaded Stripes Mini Skirt,women skirts
UA /Move Sleeveless Hoodie,men outwear
Eric Sweatshirt,men outwear
International Aop Tee,men tops
White Laurel Rib T-shirt,men tops
Teal Textured Tipped Jumper,men outwear
Orange Floral Print Ruffle Midi Skirt,women skirts
Frayed Edges Denim Skirt,women skirts
Cable V-Neck Sweater,women outwear
Solid Colour Regular-Fit Jeans,men trousers
Ad-Op Short Sleeve Reg Institutional Tee - Calvin Klein Jeans,men tops
Bolt Action Short Sleeve Tee,men tops
Basic Half Placket Short Sleeve Shirt,men tops
Axis Jacket,men outwear
Button Cold Shoulder Ruffle Cami Top,women tops
Pleated Detail Sleeveless Dress -White,women dresses
Double Breasted Fit and Flare Long Sleeve Dress,women dresses
Skinny-Fit Stretch Chino Pants,men trousers
Harriotte Rib Knit Top,women tops
Layered Mermaid dress,women dresses
Basic Mom Fit Shorts,women shorts
Classic Tech Logo Full Zip Hoodie,women outwear
Kelly Wrap Top,women tops
Unisex s Authentic Sports Trousers,women trousers
Plus Size Button Detail Shirt,women tops
Tie Belt Side Stripe Tapered Trousers,women trousers
Funnel Sleeve Button Down Cardigan,women outwear
Cargo Trousers,women trousers
adidas originals sweatshirt,women outwear
Co-Ord Wide Leg Pants with Slits,women trousers
adidas adidas own the run wind jacket hooded women,women outwear
779 Regular Fit Jeans,men trousers
Slim Fit Suit Pants,men trousers
Tapered pants,women trousers
Men s Nike Sportswear Shorts,men shorts
Ellesse Core Fireball Crop T-Shirt,women tops
Washed Gym Trackpants,women trousers
UA Project Rock Aloha Camo Tank Top,women tops
Reflective Logo Sweatshirt,men outwear
Basic Denim Jacket,men outwear
Lewis Hamilton Degrade Box Logo Tee,men tops
Micro-printed Casual Chino Shorts,men shorts
Sleeveless Button Detail Sheath Dress,women dresses
Striped Print Blazer,women outwear
Skinny-Fit Stretch Chino Pants,men trousers
Shift Tweed Dress,women dresses
Into The Wild 3/4 Leggings,women trousers
Tiger T-Shirt,men tops
Long Sleeve Rib T-Shirt,men tops
Star Frill Midi Skirt,women skirts
Geo Print Skinny Suit Trousers,men trousers
Double-Layer Quick-Drying Running Fitness Yoga Shorts,women shorts
430 Slim Fit Stretchable Cotton Pants,men trousers
Retro Leggings,women trousers
Regular Fit Gabardine Shorts,men shorts
Co-Ord Frill Hem A Line Skirt,women skirts
Long Sleeve Sweater,men outwear
Short Sleeve Polo T-shirt,women tops
Bossini Shorts,men shorts
Printed Blouse,women tops
Asymmetric Hem Denim Shorts - Orange,women shorts
Zip Front Shift Dress,women dresses
Chris Jeans,men trousers
Classic Tailored Chino Shorts,men shorts
Technique Logo Pullover,men outwear
Adrian Sweater,men outwear
Blouses woven short sleeve,women tops
Wine Button Pocket Mini Skirt,women skirts
Pocket Detail Twill Jacket,women outwear
Chambray Linen Shirt,women tops
Button Cotton Dress,women dresses
Bright Blue Boy Short,women shorts
adidas performance essential linear tights,women trousers
Paris Mini Dress,women dresses
Drawstring waist chino Pants A003-HZ7022,men trousers
Japan Range Mens Basic Full Zip Hooded Sweatshirt,men outwear
Regular-Fit Dobby Weave Cotton Pants,men trousers
Guess Basic Denim Shorts,women shorts
Woven Regular Coat,women outwear
Star Frill Midi Skirt,women skirts
Linen Pleated Wide Leg Pants - Beige,women trousers
Cozy Jersey Hoodie,men outwear
Tjm Tommy Flag Tee,men tops
Mid Wash Rip Super Skinny Jeans,men trousers
Textured Gingham Long Sleeve Shirt,men tops
UA HG Armour Print Shorts,women shorts
Short Sleeve T-Shirt,women tops
Lace Up Peasant Blouse,women tops
Rose Pencil Skirt,women skirts
Grazer Borg Denim Jacket,women outwear
adidas originals Bellista Cropped Hoodie,women outwear
Parachute Cargo Pants,men trousers
Inez 3/4 Zipper Blazer,women outwear
Collier Boardy,men shorts
Nike Women s Icon Clash 7/8 Tights,women trousers
Bergman Legging,women trousers
Boho Palazzo Trousers,women trousers
Pyramid Reversed Crew Sweatshirt,men outwear
Self Belt Bodycon Dress,women dresses
V Pattern Sweatshirt,women outwear
Flare Sleeves Shift Dress,women dresses
Cotton Twill Long Sleeve Shirt,men tops
James Slim Fit Hoodie,men outwear
Thea Wide Leg Trousers,women trousers
Side Ruffles Skirt,women skirts
Double Breasted Blazer,men outwear
Originale Logo Knot T-shirt,women tops
O Ring City Shorts,women shorts
Originale Side Logo Jacket,men outwear
County Crew Neck Sweatshirt,men outwear
Earn Your Stripes Sweat Pants,women trousers
AMS Blauw Indigo Jacquard Trucker Jacket,men outwear
Originale Lightweight Jacket,women outwear
Superstate Champion Polo Shirt,men tops
adidas 3-Stripes Bomber Jacket,women outwear
Black Fit & Flare Dress,women dresses
Red Animal Spots Skirt,women skirts
D-Ring Cuffed Shorts,women shorts
Side Tie Fit and Flare Dress,women dresses
Chino Shorts,men shorts
Slim-Fit Non-Iron Shirt,men tops
Lace Strap Top,women tops
Slim-Fit Dobby-Weave Pants,men trousers
Sskcslm1 Short Sleeve Knit Stretch Mesh Polo Shirt,men tops
Crystal Fringe Side Panel Black Denim Skirt,women skirts
Pacey Shorts(Revolve),women shorts
Army slogan print sweatpants,men trousers
Basic Training Tank Top,men tops
INTDAISYPRINTCULOTTE,women trousers
Raglan Logo Pullover Hoodie,men outwear
Luxe Black Manipulated Crepe Dress,women dresses
Vintage Logo Tee,men tops
adidas originals sleek hoodie,women outwear
Elastic Waist Striped Casual Pants,women trousers
Ultimate Eco Ankle Biter Tights,women trousers
Layered Top Knee Length Dress with Front Tie,women dresses
Crescent Boardy,men shorts
Button Detail T-Shirt,men tops
Levi s 721 High Rise Skinny Jeans 18882-0241,women trousers
adidas phx jacket ii m,men outwear
Short Sleeves Lace Shift Dress,women dresses
Drawstring waist chino Pants A249-K208,men trousers
Booty Support High Waist Leggings,women trousers
Drop Hem Beach Dress,women dresses
Puff Sleeve Mini Dress,women dresses
Stewie Skinny Jeans,men trousers
Waist Twist Contrast Print Dress,women dresses
Marco Slim Fit Pants,men trousers
All Eyez Ii Crew Sweatshirt,men outwear
Galaxy Logo Sweatpants - Calvin Klein Performance,men trousers
Orange Label Zip Hoodie,women outwear
High Slit Palazzo Pants,women trousers
Brand Tag Missguided Cycling Shorts,women shorts
Camel Skinny Turn Up Trousers,men trousers
High Low Hem Sweater,women outwear
Dip Hem Frill Side Tunic,women tops
Baloon Sleeve Jersey Wrap Top,women tops
Quilted International Jacket,men outwear
Logo cargo shorts,men shorts
Athletics Select Track Pants,men trousers
Sportstyle Terry Joggers,men trousers
Graphic Story Splater Logo Long Hoodie - Calvin Klein Performance,women outwear
Recovery Fleece Wrap Pullover,women outwear
Tailored Essential Grey Suit Jacket,men outwear
FBT Star Wars Jersey,women tops
High Slit Palazzo Pants,women trousers
Lace Panel Sleeveless Top,women tops
Corp Pocket Tee,men tops
Plus Size Contrast Detail Top,women tops
adidas performance badge of sport t-shirt,women tops
PETITE Knitted Super Soft Crop Jumper,women outwear
Parka Jacket with Hood,women outwear
705 - Regular Comfort Tapered Jeans,men trousers
BOMB Puffer Jacket,men outwear
Rapid Rally Track Pants,women trousers
Mint Knitted Petal Gauzy Jumper,women outwear
Galaxy Logo Sweatpants,men trousers
Morgan Regular Fit Joggers,men trousers
Slit Midi Skirt,women skirts
Two-Tone Midi Dress,women dresses
Fitted Denim Jacket,women outwear
Ruffled Puff Sleeves Crop Top - Yellow,women tops
V-Neck Button Loop Top,women tops
Levi s 505™ Regular Fit Jeans,men trousers
Co-Ord Shacket,men outwear
RPD Reflective Cross Space Edition Zip Hoodie (Grey),men outwear
Monochrome Spot Flippy Mini Skirt,women skirts
Striped Trim Mini Dress,women dresses
Tricot White Stripe Shorts,men shorts
Sportstyle Prime Rive Gauche Full Zip Jacket,women outwear
Buffalo Check Flannel Shirt,men tops
Authentic Long Pants,men trousers
Cream and Tan Check Split Mini Skirt,women skirts
Oversized Buckle High Waist Shorts - Yellow,women shorts
Four Harrington Jacket,men outwear
Crop Like Its Hot Striped Cropped Tank Top,women tops
Blinders Wool Coat,men outwear
Front Tie Midi Skirt,women skirts
Straight Cut Stretchable Long Pants-129,men trousers
Basic Slinky Floor Sleeping Maxi Skirt,women skirts
RPD Reflective Pocket Sweat Shorts (Black),men shorts
Women s Nike Sportswear Tech Fleece Trousers,women trousers
Charcoal Stretch Trousers,men trousers
A-Line Skirt With Self Tie,women skirts
Cindy Crop Top(Revolve),women tops
Quick-Drying Running Fitness Yoga Tights,women trousers
Peplum Hem Mini Skirt,women skirts
Skinny Navy Essential Suit Jacket,men outwear
Contrast Side Panel Jogger Pants,women trousers
Flirt For It Shorts,women shorts
Denizen Men s Slim Tapered Jeans,men trousers
Petite Spot Halter Pleat Midi Dress,women dresses
Japan Range T-Shirt,men tops
Slim Pattern Polo Shirt,men tops
Nike Sportswear Women s Graphic T-Shirt,women tops
Sportstyle Prime Classics Logo T7 Leggings,women trousers
Tweed Mix Fuji Down Jacket,men outwear
Long Sleeve RL Hoodie,men outwear
Elastic-Waist Belted Viscose Shorts,women shorts
Wrapped Skort,women shorts
Pleated Hi-Low Skirt,women skirts
Short Sleeve Pique Polo,men outwear
Pleated Detail Skirt,women skirts
adidas originals Monogram Hoodie,men outwear
Waterfall Satin Maxi Dress,women dresses
Barre Active 3/4 Pants,women trousers
High Waist Skinny Jeans,women trousers
Divine Shorts,women shorts
Basic Asymmetric Button Midi Skirt,women skirts
TWEED BUTTON THROUGH DRESS,women dresses
Front Tie Fit and Flare Dress,women dresses
Pink Long Sleeve Lace V-Neck Ruched Bodysuit,women tops
Core Cycle Shorts,women shorts
adidas 3 stripe woven short,women shorts
Jeggings,women trousers
High Waisted Gored Skirt,women skirts
Black Diamante Trim Trousers,women trousers
Mini Dot Short Sleeve Shirt,men tops
Eclipse Hooded Fuji Jacket,women outwear
Rival Jersey Hoodie,men outwear
Cozy Waffle Easy Top,women outwear
Winter Lapel Trench Long Coat,women outwear
Floral Fit & Flare Dress,women dresses
Casual Pullover Hoody,women outwear
Pocket Detail Straight Skirt with Belt,women skirts
Logo Print Hoodie,men outwear
Red Fleece Pants,men trousers
Overcast Wash Jude Skinny Jeans,men trousers
FUBAR PLEATED PANT,men trousers
Men s Slim Fit Pleated Lightweight Stretch Canvas Chino Pants,men trousers
Hannon Shirt,men tops
Tennis Skorts With Split,women shorts
PETITE Cream Faux Fur Zip Hoodie,women outwear
Flutter Sleeve Square Neck Crop Top,women tops
Reena Pleated Skirt,women skirts
Unstoppable 2X Knit Shorts,men shorts
UA Athlete Recovery Woven Warm Up Pants,men trousers
Denim Front Slit Skirt,women skirts
Training Essential Capris,women trousers
Japan Range T-Shirt,men tops
Stripes Trim Waist Tie Shorts,women shorts
Rib Henley Top,women tops
CNY Superstate Short Sleeve Polo Shirt,men tops
Nadare Microfibre Parka,women outwear
Mark Shorts,men shorts
Adda Checked Skirt,women skirts
2-in-1 Gym Leggings With Shorts Overlay,women trousers
Plunge Neck Flare Sleeve Midi Dress,women dresses
Peplum Flare Sleeves Blouse,women dresses
Mesh Insert Raglan Tee Dress,women dresses
Talia Skirt,women skirts
Slim Core Temp Dress Pants,men trousers
Navy Satin Shirt,women tops
Fulton Pants,men trousers
Animal Print Roll Sleeve Shirt,women tops
Basic Chino Pants,men trousers
Orange Tropical Linen Shorts,women shorts
Zipped Denim Cargo Mini Skirt,women skirts
Short Sleeves Overlap Dress with Belt,women dresses
Britney Cropped Active Tank Top,women tops
adidas originals bodega hoodie,men outwear
Flared Wrap Dress With Belt,women dresses
Training Mid One Series OST Knit Epic Shorts,men shorts
Carter Jeans,men trousers
Puma x RDET Crew Sweatshirt,women outwear
High Rise Graphic Leggings,women trousers
High Waist Tailored Shorts,women shorts
Mono Square Utility Shirt,women tops
Ultra High Rise Destroyed Jeans,women trousers
Newport Short Sleeve,men tops
Alvia Waterproof Jacket,women outwear
Hooded Windtrekker Jacket,men outwear
Knit Short Skirt,women skirts
Tabs Detail Shorts,women shorts
Essentials Overhead Jacket,women outwear
Grey Power Tights,women trousers
Storm Hybrid Ziphood Jacket,men outwear
Tapered Denim Shorts,men shorts
Basic Unbrushed Sweatshirt,men outwear
Basic Utility Short Sleeve Shirt,men tops
Stripe Hem Sweatshirt,men outwear
Emalia Mini Skirt,women skirts
Basic Roll Sleeve Checked Shirt,men tops
Knitted Tie Hem Jumper With Wool,women outwear
Black Lace Blouse,women tops
Kelly Lace Shorts,women shorts
5Palle Offside V Crew Sweatshirt,men outwear
Men s Paris Polo Shirt Regular Fit Stretch Cotton Piqué,men tops
Utility Short Sleeve Blazer Shirt,women outwear
Co-Ord Single Breasted Blazer,women outwear
Handkerchief Hem Midi Skirt,women skirts
Tape Yarn Cold Shoulder Jumper,women outwear
Logo Wash T-Shirt,men tops
Crossed Pencil Skirt,women skirts
EVENING Sequin Mini Skirt,women skirts
Sport Style Optiks Oversized Tee,men tops
Debora Jacquard Pencil Skirt,women skirts
Knee Length Denim Shorts,men shorts
Basic Drawstring Midi Knit Skirt,women skirts
Modern Chic Polo Shirt,men tops
Big foot badge shorts,men shorts
adidas freelift_sport prime heather tee,men tops
Button Front Satin Long Sleeve Bodysuit,women tops
Paperbag Floral Shorts - Yellow,women shorts
Aubergine Coated Frankie,women trousers
Short Sleeve Navy Stripe T-shirt,men tops
Khaki Ruched Jacket,women outwear
Calvin Klein Ar-himba782ovd Hd Ls,men outwear
Collared Midi Dress with Self Tie,women dresses
Japan Range Womens Basic Sweatpants,women trousers
Sandleford T-Shirt,men tops
American Spirit Logo Pullover,women outwear
Oversized 90s Joggers,women trousers
Logo embroidered shorts,men shorts
Nyc Tab Tee,men tops
Sports Running Fitness Yoga Dance Shorts,women shorts
Quik Lotus Tank Top,men tops
Denim Length Service Jeans,men trousers
Work Chino Shorts,men shorts
Side Button Accent Shorts - Black,women shorts
Cord Paperbag Shorts,women shorts
Halfrida Cross Skirt,women skirts
UA Rival Fleece Sportstyle Graphic Crop,women trousers
Piping Detail Blazer,women outwear
Mosaic Gold Outer,women outwear
Co-Ords Midi Length Skirt And Loose Fit Roll Neck Jumper,women skirts
Coloured Denim Skirt,women skirts
Extended Sleeve Shirt,women tops
WCC Slim Dobby Check Short Sleeve Shirt,men tops
Abstract Printed Zipper Hoodie,men outwear
Icon V-Neck T-Shirt,men tops
Jared Linen Pleated Pant,men trousers
Galaxy Mono Tone Tape Fleece Pants - Calvin Klein Performance,women trousers
FBT Basic Running Singlet,men tops
PUMA x ADER ERROR Knitted Sweatpants,men trousers
High Waist Pencil Knit Skirt,women skirts
Button Down Midi Skirt,women skirts
Double Knit Tech Shorts,men shorts
Black Gathered Strap Dress,women dresses
Navy Floral Print Polo,men tops
Fashion Checkered Hooded Casual Jacket,women outwear
White Line Long Sleeve Cotton T-shirt,women tops
Arch Pullover Hoodie,men outwear
adidas mh sleeve bos tee,men tops
Plus Size Navy Bardot Top,women tops
Ruffled Blouse with Lace Trims,women tops
Tie On Tunic,women tops
Ginny Short Sleeve T-shirt,men tops
High Waist Mini Skirt,women skirts
Belted Short With Side Pockets,women shorts
Vincey Emblem Logo Sweatshirt,men outwear
Concealed Hood Field Jacket,men outwear
430 Slim Fit Chino Pants,men trousers
Tapered Cargo Pants I581083,men trousers
Twister Slim Fit Shorts,men shorts
Button Down Cropped Jacket,women outwear
Co-ord Colourblock Palazzo Pants with Slit,women trousers
Grey Skinny Fit Check Trousers,men trousers
Short Sleeve Utility Ponte Dress,women dresses
Curve Button Front Mini Skirt,women skirts
Core Logo Tag Tee,men tops
RPD Blue Camo Logo Print Sweatshirt (Black),men outwear
Elastic Waist Plus Velvet Jeans,women trousers
Jaylah Zip Hoodie,women outwear
Skinny Destroyed Jeans,men trousers
Print A-line Dress,women dresses
Slim Long Sleeve Poplin Pattern Shirt,men tops
Camel Jersey Shirt,women tops
Orange Label CNY Joggers,men trousers
Pocket Detail Shirt Dress,women dresses
Siri High Waist Belt Shorts,women shorts
Skinny Fit Jeans,men trousers
Pleated Details Floral Dress,women dresses
Slim Fit Polo Shirt,men tops
Drape Front Cami Midi Dress,women dresses
High Waist Tie Belt Shorts,women shorts
Navy Crew With Chest Placement Print T-Shirt,men tops
Fashion Warm Corduroy Jacket,women outwear
Black Button Through Dress,women dresses
adidas own the run hd,men outwear
Pleated Side Slits Pants,women trousers
Long Sleeve Slim Rib Turtleneck Top,women outwear
Mennace Skyline Suite Print Short Sleeve Tshirt,men tops
Wall Flower Midi Skirt,women skirts
Leo Wrap Skirt,women skirts
Exposed Buttons Denim Shorts,women shorts
Tokyo Stars Emboss Entry Tee,women tops
Core Cuff Pants,men trousers
FBT Running Shorts Straight Cut,women shorts
Floral Side Pocket Shorts - Yellow,women shorts
Bare Lace Trim Bodysuit,women tops
Shrunk Bear Uneven T-Shirt,women tops
A-5 Pocket Essential Shorts - Calvin Klein Jeans,men shorts
Holmen Sweat Zip Hoodie,men outwear
Navy Highlight Check Suit Trousers,men trousers
Sleeveless Button Detail Dress,women dresses
Floral Embossed Shorts,women shorts
Blue Ripped Skinny Shorts,men shorts
BLACK LONGLINE RIBBED CARDIGAN,women outwear
Mennace Rainbow Circle Short Sleeve Tshirt,men tops
A Line Sleeveless Dress - Pink,women dresses
Sleeveless Drape Knit Dress,women dresses
Tie Waist Culottes,women trousers
Longline Blazer,women outwear
adidas performance Supernova Run Crew Sweatshirt,men outwear
Slim Straight Jeans,women trousers
Shearling Hooded Jacket,women outwear
PETITE Khaki Sateen Jamie Jeans,women trousers
Floral-print T-shirt,women tops
Cotton Blend Pants With Belt,men trousers
Flex Zone 7/8 Tights,women trousers
Short Sleeves Midi Sun Dress,women dresses
Fashion Corduroy Warm Jacket (plus Velvet),women outwear
Liam Original Jeans,men trousers
Jogging Pants,men trousers
Woven Tina Denim Bermudas,women shorts
Straight-Leg Trousers,men trousers
So Soft Shorts,women shorts
Racer Back Skater Dress,women dresses
Webb Rugby Dress,women dresses
Square Neck Crop Top,women tops
Camel Double Breasted Belted Twill Blazer,women outwear
Culottes in Espresso,women trousers
Crew Neck Short Sleeve Original Logo Tee,men tops
Buttoned Up Denim Shorts,women shorts
Mock Neck Sheath Dress,women dresses
JUDAS Full Length Slim Tapered Pants,men trousers
Shorts with Side Inserts,women shorts
All Day Active Pant,women trousers
Pleated Waist Blouse,women tops
Crafted Print Colour Block Tee,men tops
True Grit Muscle Tee,men tops
Floral Slip Dress,women dresses
Jennifer 3/4 Check Skirt,women skirts
Ruffle Sleeve Midi Dress,women dresses
Pleated Drop Waist Long Sleeve Dress,women dresses
DeFacto Woman Short,women shorts
"Amnig Men Aery 2"" Running Shorts (Grey/pop Orange)",men shorts
Bestwick Shorts With Checkboard,men shorts
Blinders Wool Coat,men outwear
Slim Pointelle Crew Neck Top,women outwear
Distressed Cuffed Denim Shorts,women shorts
Navy Sport Textured Slim Shirt,men tops
Basic Mom Shorts,women shorts
Tie Dye Printed T-Shirt,men tops
Vintage Logo Outline Boxy Tee,women tops
Plus Size Casual Knit Blazer,women outwear
COLLIN Shorts,men shorts
INT SATIN WRAP DRESS,women dresses
Women s Sportstyle Prime Celebration Style Tee,women tops
Ochre Tropical Tie Mini Skirt,women skirts
Unstoppable Emboss Bomber Jacket,men outwear
UA Baseline Cotton Tank,men tops
Barney Knit Pullover,men outwear
WALTER II Slim Tapered Pants,men trousers
Ruffle Detail Wrap Dress,women dresses
Corduroy Cropped Pants,women trousers
Pinstripe Skirt,women skirts
Scuba Teal Stripe T-Shirt,men tops
Unstoppable Move Light Fz Hoodie,women outwear
Mix Material V Neck Shift Dress,women dresses
Smocked Puff Sleeve Wrap Dress,women dresses
Mid Blue Premium Mom Jeans,women trousers
Layered Sheath Dress,women dresses
Lisa Skirt,women skirts
Pleated Midi Dress,women dresses
Plain High Neck Swing Dress,women dresses
UA Misty Signature Spacer Full Zip Top,women outwear
Petite Zebra Shirred Sleeve Shirt,women tops
Tweed Raw Hem Shorts - Red,women shorts
Terry Shorts,women shorts
Seamfree Yoga Shorts,women shorts
Premium Goods Puff Entry Tee,women tops
Heritage Tee Graphics,men tops
Easy Henley Tie Front Top,women tops
Qualifier WG Perf Shorts,men shorts
Print Wrap Side Frill Dress,women dresses
Altitude Hiker Jacket,men outwear
Japan Range Mens Sports Sweatshirt,men outwear
adidas id stadium pt,men trousers
Cross The Line Skirt,women skirts
UA Vanish Printed Leggings,women trousers
High Waisted Work Pants,women trousers
Colorblock Panel Mini Skirt,women skirts
Arden Cape Jacket,women outwear
Plus Size Flutter Hem Dress with Pintucks Detail,women dresses
Slim Cut Yoga Leggings,women trousers
Nike Women s Icon Clash Pants,women trousers
Cord Frankie Jeans,women trousers
Antonia Faux Suede Skater Skirt,women skirts
Tara Skirt,women skirts
Co-Ord Shacket,men outwear
High Waist Bicycle Shorts,women shorts
Functional All Terrain Hooded Jacket,men outwear
Grey Turn Up Sleeve Shirt,men tops
Tapered Cropped Pants,men trousers
Needle Leaf Print High Rise Yoga Sports Leggings,women trousers
Colorblock Mock Neck Knit Top,women outwear
D Ring Belt Shorts,women shorts
Black Belted Shorts,women shorts
Stone Stretch Skinny Chinos,men trousers
Active Mesh Panel Leggings,women trousers
Jogger Pants,men trousers
Truc Slim Fit Sweat Cargo Pants,men trousers
Crew Neck Cardigan,women outwear
Spliced 3/4 Tights,women trousers
Ruffle Midi Dress,women dresses
As W Nike Top,women tops
Single Button Inner Print Blazer - Black,women outwear
Culotte Shorts,women shorts
Women s Modern Sports Logo T-Shirt,women tops
Jeggings,women trousers
SATIN CAMI SLIP DRESS,women dresses
Chambray Eyelet Wrap Cami Dress,women dresses
"Epic Flex 7"" Jogger Shorts",men shorts
Ryley Overhead Jacket,men outwear
Dual Buttons Blazer,women outwear
Sullivan 5 Pocket Denim,men trousers
Curve Fishtale Skirt in Espresso,women skirts
Button Down Shorts,women shorts
Quick-Drying Running Fitness Yoga Dance Tights,women trousers
Mono Dogtooth Skirt,women skirts
NB Classic Graphic Tee,men tops
Coast Line Denim Short,women shorts
Fashion Zip Hooded Knit Coat,women outwear
Double Breasted Tailored Dress,women dresses
Solid Elasticised Tapered Fit Pants,men trousers
Checked Midi Skirt,women skirts
Basic Funnel Neck Zip Up Jacket,men outwear
Crafted Check Tee,men tops
Meg Treats Long Sleeve Cardigan,women outwear
Yhan Bomber Jacket,women outwear
Galactic Core 3/4 Tights,women trousers
Revitalize Cool T-Shirt,men tops
Long Sleeve Slim Mock Top,women tops
Burgundy Vinyl Crocodile Print Midi Skirt,women skirts
Core Women s Crew Neck Cotton T-Shirt,women tops
Cahne Shorts,men shorts
Utility Shorts,women shorts
Petal Sleeves Ruffle Front Dress,women dresses
Daffy Quilted Bomber Jacket,men outwear
Ruffle Tiered Beach Skirt,women skirts
BLACK SOFT STEFFI JEANS,women trousers
Utility Cuffed Pants,men trousers
adidas originals Metallic Track Pants,men trousers
Sundays Layback Boardshorts,men shorts
Core Polo Shirt,women tops
Plus Size Black Poplin Knee Shorts,women shorts
MOTO Washed Jamie Jeans,women trousers
Short Sleeve Mandarin Collar Button Down Dress,women dresses
Plus Size Casual Blazer,women outwear
RPD Reflective Signature Printed Hoodie (Army Green),men outwear
Simple Contrast Striped Sweater,women outwear
Sophia Belted Wrap Midi Knit Dress,women dresses
Jacob Treats Skirt,women skirts
Men s PUMA x RANDOMEVENT Sweatpants,men trousers
Charlize Tie Waist Skirt,women skirts
Training Core Te Linear Logo Sweatshirt,women outwear
Sleeveless Pleated Dress,women dresses
Casual Trousers,men trousers
Single-Breasted Fashion Mini Skirts,women skirts
Waffle Tie Hem Open Back Blouse,women outwear
Cut-out Shift Dress,women dresses
Plus Size Elastic Back Pleated Pants,women trousers
Drawstring Detail Culottes,women trousers
Sportstyle Prime OG Hoodie,men outwear
Irregular Check Long Sleeve Shirt,men tops
Logo Training Sleeveless Tee,men tops
PETITE IVORY PEPLUM FRILL KNITTED JUMPER,women outwear
Back Slit Pencil Skirt,women skirts
Chino Shorts,men shorts
Cold Shoulder Button Down Dress,women dresses
Heathertech Tee,men tops
Pink Stretch Skinny Oxford Shirt,men tops
3/4 Sleeves Tie Front Top,women tops
Wild Slim Thread Sweater,women outwear
Jersey Blocking T-Shirt,men tops
Cornelia Curved Yoke Blouse,women tops
28 Varsity Raglan Sweatshirt,men outwear
Shorts With Buckle Details,women shorts
Off the Shoulder Denim Dress,women dresses
Pink Cable Funnel Neck Jumper,women outwear
Men s Vintage Slim Leather Jacket M17,men outwear
Knitted Midi Skirt,women skirts
Patterned Cotton Shorts,women shorts
Cut And Sew Tie Waist Leggings,women trousers
Basic Contrast Collar Shirt,men tops
Obey Icon Face 30 Years Tee,women tops
High Rise Flashback Denim Shorts,women shorts
Rolled-Up Hem Shorts,women shorts
UA Velocity Short Sleeve Graphic Tee,men tops
Blue Mid Wash Ripped Denim Shorts,women shorts
Slim Fit Grey Tim Jeans,men trousers
adidas w mh bos tee,women tops
Perry Structured Stripe Knit Pullover,men outwear
Double-Breasted Belted Skirt,women skirts
Lella Short(Revolve),women shorts
Side Wrap Utility Skort,women shorts
2 in 1 Sweater Dress,women outwear
Text Printed Elastic Waist Shorts,women shorts
Slim Fit Corduroy Trousers,men trousers
adidas performance Harden Star Wars Crew Sweatshirt,men outwear
UA Sportstyle Printed Pique Track Jacket,men outwear
Slim Fit Jogger Pants,men trousers
Paper Bag Shorts,women shorts
Stripe Mock Neck Tied Dress - Blue,women dresses
Rookie Down Parka Jacket,men outwear
Sweaters short sleeve,women outwear
Winter Lapel Trench Coat,women outwear
Running Shorts Straight Cut,women shorts
Washed Black Goldie Rip Jeans,men trousers
Fusion Striped Panel Jogger Pants,women trousers
Norah Pleated Skirt,women skirts
Waffle Tie Hem Open Back Blouse,women outwear
Pallas Polo Shirt - Boss Body,men tops
Ted Sweat Zip Hoodie,men outwear
Navy D Ring Trouser,women trousers
adidas bos logo tank,women tops
High Neck Maxi Pocket Knit Midi Dress,women dresses
Levi s 720 High Rise Super Skinny Jeans 52797-0096,women trousers
Petite Ochre Crinkle Shirt,women tops
Mid Rise Classic Stretch Denim Short,women shorts
adidas supernova short,men shorts
"Puma Sportstyle Core Modern Sports 3"" Shorts",women shorts
Boat Neck Collar Blouse,women tops
Bessin Floral Skirt,women skirts
Purple Knit,men outwear
Blouses woven long sleeve,women tops
UA Threadborne Muscle Tank Top,men tops
Track & Field Zip Hoodie,women outwear
Riviera Linen Shorts,men shorts
Straight Cotton Trousers,women trousers
Loose Legged Capris 93368w,men trousers
Eyelet V Neck Babydoll Dress,women dresses
056 Athletic Taper Jeans - Calvin Klein Jeans,men trousers
Dockers Slim Fit Ultimate Chino With Smart 360 Flex®Wet Stone 79488-0011,men trousers
adidas m20 city clash women shorts,women shorts
Essential Phone Pocket 7/8 Tights,women trousers
Oversize Print Hoodie,men outwear
Lace Panel Cami Top,women tops
Celsius Sherpa Track Jacket,women outwear
Label patch cargo shorts,men shorts
Long Sleeve Sweater,men outwear
Fleece Walk Short,women shorts
Must Haves Stadium Tee - adidas performance,men tops
Multi Stripe Jumper,women outwear
US Range Heritage Tee,women tops
PKTVIY Basic Drawstring Hoodie,men outwear
Quick-Drying Running Fitness Yoga Dance Tights,women shorts
Blue Black Spray On Jeans,men trousers
Logo Jogger Pants,women trousers
Asymmetrical Striped Skirt,women skirts
Applique Joggers,men trousers
Performance Hayden Pants,women trousers
Stripes Co-ords,women skirts
Stripes Trim Waist Tie Shorts,women shorts
Downhill Racer Applique Tee,men tops
Overlap Pleated Self Tie Top,women tops
High Waisted Triple Button Shorts - Black,women shorts
NB Classic Graphic Tee,men tops
Belted Pajama Shirt With Contrast Piping,women tops
High Waist Bermuda Pleated Shorts,women shorts
Moto Jogger Pants,men trousers
PETITE Stone Edge To Edge Jacket,women outwear
Cleo Midi Split Skirt,women skirts
Double Breasted Fit and Flare Long Sleeve Dress,women dresses
Kay White Short Pant,women shorts
Classic Micro Pique Polo Shirt,men tops
Asymmetrical Sherpa Hoodie,women outwear
Grey Minimal Lined Coat,women outwear
Cassandra Culottes,women trousers
Jacey Button Skirt,women skirts
Skinny Essential Navy Stretch Suit Trousers,men trousers
Scallop Edge Halter Mini Dress,women dresses
Casual Jeans,women trousers
adidas id stadium pants,men trousers
Basic Varied Rib Midi Skirt,women skirts
Newport Shorts,women shorts
Denim Paperbag Short 2,women shorts
Tiered Skirt,women skirts
UA Vanish Leggings Metallic,women trousers
Birdie Tiered Mini Dress,women dresses
Sweet Harmony Leggings,women trousers
Tech Logo Pullover Hoodie,men outwear
UA Victory Tank Top,women tops
Interlock Shorts,men shorts
Extended Sleeves Shirt,women tops
Wide Fit Jeans 93343,men trousers
Reebok Classics CP Gold T-Shirt,women tops
Basic Bermuda Jogger Shorts,men shorts
Fitted Mini Shorts,women shorts
Globe Bomber Jacket,men outwear
Side Mesh Panel Sleeveless Top,women tops
Oversized Denim Shacket,women outwear
Gathered Waist 7/8 Tights,women trousers
Pleat Detail Shorts,women shorts
Jogging Style Shorts,men shorts
Contrast Stripe Rolled Cuff Terry Shorts,women shorts
COLLIN Shorts,men shorts
Emma Sweat Short,women shorts
Premium Sequin Slim Bf Tee,women tops
Cotton Twill Flat Shorts,men shorts
Peace Logo Sweatshirt,men outwear
Taiwan Collection Short Sleeve Hoodie,men tops
Frayed Hem Side Stripe Denim Shorts,women shorts
High Waisted Tiered Smock Skirt,women skirts
Paper Bag Elastic Waist Shorts - Pink,women shorts
ONSRAIN Quilted Jacket,men outwear
A-Contrast Lines Cardigan - Calvin Klein Jeans,men outwear
Puma Sportstyle Prime Sport Culottes,women trousers
Mexico 66 Polo Shirt,women tops
Cozy Wrap Bodysuit,women tops
Etta Silk Mix Shirt,women tops
Co-Ord Shacket,men outwear
Guess 3D Graphic Logo Tee,men tops
T-Shirts sleeveless,women tops
PETITE Cream Fluffy Coat,women outwear
PETITE Black Sparkle Maxi Dress,women dresses
Bay Shorts,men shorts
Colour Block Mermaid Skirt,women dresses
Kenzie Star Denim Shorts(Revolve),women shorts
Men s Printed Tape with Zipper Short,men shorts
Sleeveless Button Detail Dress,women dresses
Levi s 724 High Rise Straight Jeans 18883-0016,women trousers
Crop Smocked Cami Top,women tops
MENSWEAR Swim short,men shorts
Binea Shorts,women shorts
High-Waisted Tassel Washed Jeans,women trousers
Multi Stripe Swim Shorts,men shorts
Levi s® Lo-Ball Stack Jeans,men trousers
Fish Tail Mid Skirt,women skirts
Flare Sleeves Square Neck Dress,women dresses
Yellow Snake Print Skirt,women skirts
UA Launch SW Split Shorts,men shorts
Rival Fleece Wordmark Logo Joggers,men trousers
AMS Blauw Sweatshirt,men outwear
Vintage Logo Ombre Sequin Entry Tee,women tops
Woven Textured Shorts,men shorts
Wide Leg Raw Hem Jeans,women trousers
Ally 3/4 Spring Pullover,women outwear
Colourblock Overlap Dress,women dresses
Side Slit Midi Sweater Dress,women dresses
Levi s® 511™ Slim Fit Jeans,men trousers
Nova Lux V-Neck Woven Shirt,women tops
Black Polka Dot Flute Sleeve Wrap Dress,women dresses
Black Pinstripe Ankle Grazer Pants,women trousers
Kendall Button Front Skirt(Revolve),women skirts
Ignition Spliced Leggings,women trousers
Cover Up Long Sleeve Hoodie,women outwear
regular trousers,men trousers
Fantasy Mesh Skirt,women skirts
MK1 Terry Shorts,men shorts
Oceanic Jeans,men trousers
Unisex s Authentic Sports Trousers,men trousers
Long Sleeve Slim Mock Top,women tops
adidas originals big trefoil tracktop,men outwear
Neck Detail Dress,women dresses
Button Thru Midi Skirt,women skirts
Bea High Waist Pencil Skirt,women skirts
No Button Slim Suit Blazer,women outwear
Self Belt Utility Detail Skorts,women shorts
Era Corduroy Skirt,women skirts
Tpr Sweatpant,men trousers
Off Shoulder Embroidered Crop Top,women tops
Colorblock Zipper Mini Skirt,women skirts
Short Sleeve Slim Fit T-Shirt,men tops
Tonal Embroidery Jogger Pants,men trousers
Navy Blake Slim Fit Stretch Chinos,men trousers
Zip pocket chino joggers,men trousers
UA Qualifier Speedpocket Roadside Runway Crop Tights,women trousers
Dial Up Workout Tank Top,women tops
Pale Pink Raw Edge Overcoat,women outwear
The Skinny Premium Jeans,women trousers
Newport Linen Shirt,men tops
Gathered Babydoll Chiffon Swing Dress,women dresses
PETITE Pink Knitted Pointelle Crop Jumper,women outwear
New Arctic Tall Puffer Jacket,women outwear
Heart Of Glass Hoodie,women outwear
Oversize Belted High Waist Shorts - White,women shorts
Mylolind Trousers,men trousers
Vincey Zip Hoodie,men outwear
DIAMANTE JUMPER,women outwear
Pleated Mini Skirt,women skirts
Legend Logo Print Sweatshirt,men outwear
Will Hooded Puffer Jacket,men outwear
Structured Slim Fit Cotton Blazer,men outwear
UA Project Rock Bull Tank Top,women tops
Midi Draped Dress,women dresses
Grandad Collar Contrast Tab Shirt,men tops
Multi Floral Skirt,women skirts
BTS Side Taped Colour-Block Jacket,women outwear
Authentic Hooded Jacket,men outwear
Khaki V Neck Button Dress,women dresses
adidas originals lock up track jacket,women outwear
Paperbag Culottes with Scarf Tie,women trousers
Terry Shorts,men shorts
Zip Mini Skirt,women skirts
Co-Ord Shacket Shirt,men outwear
Nautical Skater Skirt,women skirts
Harlyn Denim Shorts(Revolve),women shorts
Side Smocking Detail Button Down Dress,women dresses
Flare Sleeve A-line Dress with Self Tie,women dresses
Vincey Zip Hoodie,men outwear
Jogging Style Bermuda Shorts,men shorts
High Elastic Soft Printed Yoga Dance Tights,women trousers
Women Bermuda,women shorts
High-Elastic High-Waist Dance Yoga Fitness Tights,women trousers
Nike Women s Swoosh Club Leggings,women trousers
Boyfriend Denim Shorts,women shorts
Basic A Line Mini Skirt,women skirts
Black Mom Jeans,women trousers
Logo Sweat Hoodie,men outwear
Dean Hooded Parka Jacket,men outwear
adidas performance W Bos Graphic Tee,women tops
(2pcs) Round Neck Print T-Shirt + Bow Checkered Skirt,women skirts
Corset Detail Bodysuit,women tops
Texture Mini Skirt,women skirts
CLIVE II Shorts,men shorts
Dobby Denim Short Sleeve Shirt,men tops
Rush Bomber Jacket,men outwear
Colorblock Mock Neck Sweater,women outwear
Dresses light woven midi,women dresses
Hoff Shorts,men shorts
Donovan Short Sleeve AOP T-Shirt,men tops
Nike 10K Glam Dunk Running T-Shirt,women tops
Alex Crew Neck Sweatshirt,men outwear
Floral Mesh Overlay Midi Skirt,women skirts
Maddy-Icon Long Sleeve Short Blazer,women outwear
Jorbuds Printed Sweatshirt,men outwear
Tie Waist Polka Dot Shorts - Green,women shorts
Button Down Waist Tie Midi Skirt,women skirts
Skinny-Jersey Solid Long Pants,men trousers
Statement Logo Sweatpants - Calvin Klein Performance,men trousers
Athleisure Sweat,women outwear
Tech Varsity T-Shirt,men tops
Men s Informal Trousers,men trousers
UA Rival Fleece Sportstyle Graphic Pant,women trousers
Mid Wash Short Sleeve Button Through Shirt Dress,women dresses
Pinstripe Embroidery T-Shirt,men tops
Barro Slim Fit Corduroy Pants,men trousers
Short Sleeve Crew Neck Marlene Tee,women tops
White Line Jacket,men outwear
SATIN PLEATED MIDI SKIRT,women skirts
Preppy Applique Cable Jumper,women outwear
Nude Spot And Stripe Print Midi Skirt,women skirts
Kimono Sleeve Button Down Midi Dress,women dresses
Jersey Crew Neck Slim Fit T-Shirt,men tops
Contrast Texture Hoodie,men outwear
SUNSET SHORT,women shorts
Washed Denim Slim Jeans,men trousers
Elastic Pants With Contrast Side Panel,women trousers
Reoparudo Cross Space Edition Shorts (Black),men shorts
Schino-Slim Trousers - Boss Casual,men trousers
Luke Long Sleeve Linen Shirt,men tops
Celestina Midi Dress,women dresses
Bow Tie Midi Skirt,women skirts
Structured Slim Fit Cotton Blazer,men outwear
Maisy Paperbag Shorts,women shorts
Jacqueline Printed Linen Skirt,women skirts
Fake Wrap Skirt with Tie,women skirts
Vintage Logo Linear Tee,men tops
French Ribbed Henley T-Shirt,men tops
Reflective Print Gym Run Tights,women trousers
Regular Crop Pants,women trousers
Sleeveless Scallop Top,women tops
Autumnal Floral Midi Skirt,women skirts
Heavy Lurex Jogger Pants,women trousers
BLACK FRONT SEAM PU SKIRT,women skirts
Asymmetric Hem Midi Dress,women dresses
adidas originals camo infill tee,men tops
Crest Tech Logo Jogger Pants,men trousers
Geogina Skirts,women skirts
Twin Flap Pocket Shorts,women shorts
Side Slit Kimono Cardigan,women outwear
Service Long Denim Jeans,women trousers
Favorite Loose Shorts,women shorts
Ecru All Over Leaf Embroidered T-Shirt,men tops
Raffy Crew Neck Sweatshirt,men outwear
Running Shorts,women shorts
Patch Pocket Denim Midi Skirt,women skirts
Flmp Tracksuit Only,men outwear
Grey Acid Wash Borg Lined Super Oversized Denim Jacket,women outwear
Turtle Neck Slim Cut Sports Jacket,women outwear
Rookie Cargo Pocket Jogger,men trousers
Navy Painted Leaf Slim Shirt,men tops
Button Down Denim Midi Skirt With Scarf Tie,women skirts
Alice Leggings,women trousers
Pleated Midi Mixed Dot Skirt,women skirts
Regular Fit Bermudas Denim Shorts,men shorts
Lace Collar Puff Sleeve Jumper,women outwear
SHORT SLEEVE BLUE CHEVRON SHIRT,men tops
Zipper Mini Denim Skirt,women skirts
Kyoto Booty Ankle Biter Tight,women trousers
Microprint Stand Collar Long Sleeve Shirt,men tops
Cotton Denim Shorts,men shorts
Graphic T-Shirt Dress,women dresses
Desert Shacket,women outwear
Puff Sleeves Shirt,women tops
New Jeff Knit Long Sleeve Sweatshirt,men outwear
Printed Camp Collar Short Sleeve Shirt,men tops
Plus Size Flare Hem Skirt,women skirts
Waterfall Lapel Cardigan in Peppermint,women outwear
Short Sleeves Wrap Dress,women dresses
UA Vanish Short Sleeve 2C Tee,women tops
Cotton Eyelet Drop Waist Peplum Dress,women dresses
DP Plus Size Ochre Button Cardigan,women outwear
Fashion Print Round Neck T-Shirt,women outwear
Classics Linear Leggings,women trousers
Retro Checkered Warm Jacket,women outwear
Hynda Shorts,women shorts
Button Box Pleat Blouse,women tops
Ribbed Pinstripe Crop Top and Skirt Set,women skirts
Colour Block Bomber Jacket,men outwear
Ruffle Shoulder Top,women tops
adidas originals slim tee,women tops
Dockers Signature Khaki Straight Fit New British Khaki Pants 59406-0007,men trousers
Reebok Training Core Te Linear Logo Short,men shorts
Orange Label Vintage Embroidery S/S Tee,men tops
Linen-Blended Foldover Leaf Print Shorts,women shorts
Cheetah Tights,women trousers
Frost Grey Snakeskin Fade Print T-Shirt,men tops
Août Singapore - Mens Casual Chino Shorts - Coraille,men shorts
Velvet Sequin Pencil Skirt,women skirts
Cuffed Sleeve Waist Tie Midi Dresss,women dresses
Sculpted Structured Twill Blazer,women outwear
Petite Pink Pleated Skirt,women skirts
Summer Ultra-Form Laser Pattern 5/8 Leggings,women trousers
ONSMIKE PU Leather Racer Jacket,men outwear
PETITE Navy Colour Block Chevron Jumper,women outwear
Curved Hem T-Shirt,men tops
Buttons Cotton Top,women tops
Buckle Detail Shift Dress,women dresses
Navy Floral Print Tiered Midi Dress,women dresses
Jers California Vest,women outwear
Gworld Crew Neck Sweatshirt,men outwear
Essential Black suit jacket,men outwear
Linear Floral Midi Skirt,women skirts
Square Pocket Crop Pants,men trousers
Wool Blend Knitted Pullover,men outwear
Raven Military Shirt Jacket,women outwear
Lace Hem Shorts,women shorts
Ikuno Midi Skirt,women skirts
Red Fruit Print Prairie Blouse,women tops
Running Shorts Curve Cut,women shorts
Flowy Printed Dress,women dresses
Colourblock A-line Skirt,women skirts
Cotton Embroidered Midi Skirt,women skirts
Sport Joggers With Reflective Tape,men trousers
Levi s® x Hello Kitty Womens Dad Trucker Jacket 79697-0005,women outwear
M. Preppy Cardigan,men outwear
Asymmetric Wrap Skirt,women skirts
Vin Hooded Puffer Jacket,men outwear
Navy Wrap Dress,women dresses
Black Spray On Skinny Jeans,men trousers
Shale Jacket,men outwear
JORCALL Puffer Jacket,men outwear
Petite Khaki Cargo Trouser,women trousers
DP Plus Size Khaki Kimono,women outwear
Cover Wb Woven Pants - Calvin Klein Performance,men trousers
Sportstyle Tricot Joggers,men trousers
Wavy Pleated Mini Skirt,women skirts
Gathered Sleeve Frill Hem Fit And Flare Dress,women dresses
Reebok Training Essentials Graphic T-Shirt,women tops
Mathieu Mix Classic Coat,men outwear
Casual Slim Fit Jeans (Brown),men trousers
Basic Melange Pullover,men outwear
Calvin Klein Ckj 026 Men Color Block Slim Jeans,men trousers
Jacquard High Neck Pullover,men outwear
Basic Mom Fit Shorts,women shorts
Jenn Denim Shorts,women shorts
Gold High-Waist Trousers,women trousers
Fashion Printed Hooded Warm Jacket,women outwear
Black Corduroy Collar Jacket,men outwear
Stripe Lace Midi Dress,women dresses
Flare Sleeves Button Down Dress,women dresses
Prem Quality Ringer Boxy Tee,women tops
Fashion Denim Skirt,women skirts
Textured Gabardine Shorts,men shorts
Smocking Detail Fit & Flare Dress,women dresses
Layered Ruffle Cami Top - White,women shorts
Grant Puffer Jacket,men outwear
Pleated Detail Skirt,women skirts
Tapered Cargo Pants 3031,men trousers
Ticket Type Original Box Fit Tee,men tops
Printed Jersey Shorts,men shorts
Cut Out Shoulder Dress - Black,women dresses
Mateo Long Pants,men trousers
Zebra Ankle Biter Tights,women trousers
Stripe Belted Wide Leg Shorts,women shorts
Gathered Sleeve Frill Hem Fit And Flare Dress,women dresses
Double-Breasted Blazer,women outwear
Button Skirt With Tie,women skirts
Double Cami Strap Drawstring Dress,women dresses
Maternity Tan Utility Trouser,women trousers
Khaki Camoflouge Tie Front Top,women tops
UA Project Rock Bull Tank Top,women tops
Floral Embroidered Puff Sleeve Dress - Purple,women dresses
Knitted Christmas Nutcracker Sweater,women outwear
Triangle Print Shorts,men shorts
Floral Print Chiffon Skirt,women skirts
Basic Seersucker Short Sleeve Shirt,men tops
Eyelet Panel Fit and Flare Dress,women dresses
Maddy-Icon Long Sleeve Short Blazer,women outwear
Basic V Neck Contrast Detail Jumper,men outwear
PETITE Mustard Zip Through PU Mini Skirt,women skirts
Pearl High Waist Raw Denim Shorts,women shorts
Twist Back Sweater,women outwear
Seams Pencil Skirt,women skirts
Brown Half Zip Jumper,men outwear
Double Layer Midi Dress,women dresses
Reebok Studio Top Lm 7 Inch Shorts,men shorts
As W Nike Dry Miler Top,women tops
UA Reflection Short Sleeve Tee,men tops
Flores Long Outer,women outwear
Broadley Gradient Knit Sweater,men outwear
Technical Fabric Bomber Jacket,men outwear
High Rise Ankle Leggings,women trousers
Slim Selvedge Raw Jeans,men trousers
Originale FILA Logo Sweatshirt,men outwear
Ben Corduroy Biker Jacket,men outwear
Plus Size Massha Jeggings,women trousers
Pocket Detail Straight Skirt with Belt,women skirts
Super 5 Tee,men tops
adidas Sport 3-Stripes Shorts,men shorts
Ruched Bodycon Mini Skirt,women skirts
Pull String Detail Bomber Parka,women outwear
Short Sleeves Self Tie Dress,women dresses
Essential Grey Stretch Suit Trousers,men trousers
Button Down Wide Leg Side Slit Pants,women trousers
Smocked Waist Flare Sleeve Dress,women dresses
RPD Racing Cross Space Print Short (Black),women shorts
Pinafore Dress,women dresses
Frill Corset Style Blouse - Orange,women tops
Slim Denim Jogger,men trousers
Stripe Shorts - Navy,women shorts
Belted camo shorts,women shorts
UA Armour Sport Crop Pants,women trousers
Cotton Military Trouser,men trousers
BTS Striped Colour-Block Cotton Hoodies,women outwear
Short Sleeve Black Pique Shirt,men tops
High Neck Contrast Piping Dress,women dresses
Frankie Petite Lace Maxi Dress,women dresses
Ruffle Hem Elastic Chiffon Midi Skirt,women skirts
PETITE Black Crystal Spot Mini Skirt,women skirts
Hooded Technical Pop Zip Windcheater Jacket,men outwear
Classics Cl D Woven Shorts,men shorts
Vegan Bomber Jacket,men outwear
Logo embroidered shorts,men shorts
Off White Paisley Print Shirt,men tops
Spaghetti Lace Dress,women dresses
Punk Cargo Pants,women trousers
Casual Wild Hooded Knitted Jacket,women outwear
Parlay 60 Polo Shirt - Boss Body,men tops
Washed Black Denim Button Through Skirt,women skirts
Washed Denim Short Sleeves Shirt,men tops
Boucle Pocket Mini Skirt,women skirts
Mexico 66 Polo Shirt,men tops
Galaxy Logo Tape Track Pants - Calvin Klein Performance,women trousers
ViQ 8 Inches Short Pants,women shorts
Back Button Detail Top,women tops
Essential Signature Vest Slate Tank Top,men tops
Fashion V-Neck Contrast Color Sweater,women outwear
Pleated Sleeves Fit And Flare Dress,women dresses
Vintage Logo Stripe Entry Tee,women tops
Ruffle Hem Chiffon Wrap Skirt,women skirts
Paperbag Knit Crop Pants,women trousers
UA Speed Stride Tank,women tops
PETITE GREEN OPEN WEAVE BLAZER,women outwear
Chrissy V-Neck Knit Top,women outwear
Regular-Fit Poplin Shirt With Pocket,men tops
Slim Fit Suit Gilet,men outwear
Cobra Fang Muscle Tank,men tops
Kaiya Frill Hem Skirt,women skirts
Dockers Straight Fit Signature Khaki Pants Charcoal Heather 59406-0012,men trousers
UA Rival Fleece Sportstyle Graphic Hoodie,women outwear
DeFacto Man Trousers,men trousers
V Neck Brushed Tunic Jumper,women outwear
Heatgear Armour Printed Leggings,women trousers
Slim Vintage Wash Khakis,men trousers
Scotch Logo Crewneck Sweatshirt,men outwear
Unstoppable Woven Cargo,men shorts
Midweight Tech Jacket,women outwear
Bright Check Suit,men outwear
Grey Tonal Leaf Print Slim Shirt,men tops
Twill Shorts,men shorts
Stripe Neck T-shirt,men tops
Walter III Tapered Pants,men trousers
US Range Yarn Dye Stripe Rib Cropped V-Neck -C Logo on Left Chest & Sleeve,women outwear
Tilly Linen Skirt,women skirts
Knit Self TieKimono Cardigan,women outwear
Super Slim Fit Tailored Trousers,men trousers
PETITE Camel Trench Dress,women dresses
Billboard Sweatpants - Calvin Klein Performance,men trousers
Crazy Regular Fit Hoodie,men outwear
Smocked Sleeves Ruched Front Midi Dress,women dresses
Ruffle Side Skorts,women shorts
Super Skinny White Shirt,men tops
Geo Jacquard Bodycon Dress,women dresses
Double-Layer Quick-Drying Running Fitness Yoga Shorts,women shorts
Active Woven Shorts,women shorts
Slub Open Third Cardigan,women outwear
Diecut T-Shirt,men tops
Colour Block Long Sleeve Polo Shirt,men tops
White Jacquard Penny Shirt,men tops
High Waist Tailored Shorts,women shorts
Linen Pinafore Midi Dress,women dresses
Petite Georgia High Waist Pants,women trousers
Jersey Check T-Shirt,men tops
Cest La Vie T-Shirt,women tops
adidas the pack clash hoodie,men outwear
Casual Flare Shorts with Ribbon,women shorts
Ring Detail Sheath Dress,women dresses
Elastic Waist High Waist Shorts,women shorts
Training Jacket,men outwear
RPD Logo Embroidery Sweater (Grey),men outwear
(2PCS) Chiffon Vest + Wide Leg Pants (With Lining),women trousers
White Line Woven Jacket,women outwear
Midi Printed Dress,women dresses
Short Sleeve Shirt With Embroidery Pocket,men tops
Balboa Full Length Tights,women trousers
High Neck Zip Knitted Cardigan,men outwear
Billie Petite Lemon Tie Neck Shell Top,women tops
Emsie Frill Culottes,women trousers
Long Sleeve Sweater,women outwear
Favorite Crop Graphic,women trousers
Japan Range Logo T-Shirt,women tops
Printed Long Dress,women dresses
Semi Sheer Surplice Floral Dress - Pink,women dresses
Quick-Drying Running Fitness Yoga Dance Shorts,women shorts
Sportstyle Wind Jacket,men outwear
Rookie Field Jacket,men outwear
Rikki Lace Fishtail Dress,women dresses
Icon Military Storm Hooded Shirt,men tops
Vintage Logo Panel Camo Hoodie,men outwear
Paperbag Shots with Tie,women shorts
PETITE Vinyl Ruffle Skirt,women skirts
Castro Culotte Shorts with Pleats - Ice Sapphire Blue,women shorts
Duke Melange Knitted Sweater,men outwear
Logo Graphic Tee,men tops
Shimmer Tie Side Midi Dress,women dresses
Jared Crew Neck Sweatshirt,men outwear
Pleated Bicolor Dress,women dresses
Long Sleeve Graphic Tee,men tops
Gathered Waist Floral Print Skirt,women skirts
Play Up Capri - Solid,women trousers
Black Tiered Midi Skirt,women skirts
Silver Metallic Shorts,women shorts
As W Nike Element Top,women tops
Classics Linear Leggings,women trousers
Faux Leather Mini Skirt,women skirts
Button Thru Midi Skirt,women skirts
Quick-Drying Running Fitness Yoga Dance Tights,women trousers
Contrast Stripe Rolled Cuff Terry Shorts,women shorts
Knitted Crew Neck Jumper,men outwear
Calvin Mix Media Dress - Calvin Klein Jeans,women dresses
Relaxed Fit Bermuda Shorts,women shorts
Anthoney Bomber Jacket,men outwear
Pocket Detail Long Pants,women trousers
UA Streaker 2.0 Jacquard Hoodie,men outwear
Tailored High Waist Cropped Trousers,women trousers
Stitching Detail Wrap Dress,women dresses
Ivory Tie Front Crinkle Shirt,women tops
Curved Hem Wash Ombre T-Shirt,men tops
Timeless Crew Neck Sweatshirt,women outwear
adidas run it tee bos,women tops
Nike Pro Shorts,men shorts
What WOTS 3/4 Tights,women trousers
Hoff Shorts,men shorts
Shoulder Tie Cotton Mini Dress,women dresses
Logo Print Sweatshirt,men tops
Overlap Skort,women shorts
Camel Relaxed Coat,women outwear
Spot Print Puff Sleeve Top,women tops
Slub Crew Neck T-Shirt,men tops
Michelle Graphic Fitted Tank,women tops
Navy Stretch Lace Bodycon Dress,women dresses
AUTUMN DAISY TIERED MIDI SKIRT,women skirts
adidas originals R.Y.V. crop hoodie,women outwear
Wild Zipper Jacket,women outwear
Long Sleeve Sweatshirt,men outwear
Red Fleece Pants,men trousers
2 in 1 Sweater Dress,women dresses
Technical Hooded Cliff Hiker,women outwear
Ochre Kickflare Trousers,women trousers
Basic Stand Collar Denim Shirt,men tops
Japan Range Mens Basic Crew Neck Sweatshirt,men outwear
UA Armour Sport Tank Top,women tops
adidas originals tee,women tops
Joy Slim Fit Jeans 237,men trousers
Dua Lipa X Pepe Jeans Collections Rachel Blue Jeans,women trousers
High Rise Classic Stretch Denim Shorts,women shorts
Double Breasted Drawstring Coat,women outwear
Orange Label Cali Ringer Tee,men tops
adidas originals Tech Crewneck Sweatshirt,men outwear
Bare Skinny Strap Bodysuit,women tops
Printed Pelmet Skirt,women skirts
Green Button Cuff Roll Neck Jumper,women outwear
Mesh Detail Training Tights,women trousers
Purpose Twin Pocket Shorts - Hunter Green,women shorts
Green Geometric Print Revere Shirt,men tops
OL Summer Skirt,women skirts
Culottes in Spicy Chai,women trousers
2 Pack Core Men s Tank Top,men tops
Lace Pencil Dress,women dresses
Core Shaker Crew Neck Sweater,women outwear
Plaid Structure Mini Skirt,women skirts
Tapered Fit Cropped Trousers,men trousers
Pamela High Waist Shorts,women shorts
Colour Block Track Jacket,women outwear
BLACK SCUBA HALTER MIDI DRESS,women dresses
SLH Brody Jacket,men outwear
RE Graphic Tee,men tops
Black Stripe PrintBest LifeSweatshirt,women outwear
Dockers 360 Standard 4-way Stretch Pants Dark Pebble 36272-0002,men trousers
Dime Jacket,men outwear
SOFT Solid Zip Through Hoodie,men outwear
Orange Label Vintage Embroidery Tee,men tops
Emmalyn Stripe Wrap Dress,women dresses
Reebok Classics Cl F Vector Crew,men outwear
Indie Skinny Jeans,men trousers
Pink Long Sleeve Brushed High Neck Top,women outwear
Jogger Shorts,men shorts
Sofia Skirt,women skirts
Van Bomber Jacket,men outwear
adidas mh sleeve bos tee,men tops
Ruffle Detail Mini Skirt,women skirts
Cedar Elastic Shorts,men shorts
Zalora Printed Sleeve Hoodie,men outwear
Orange Label Elite Ziphoodie,women outwear
Co-Ord Cigarette Cropped Pants,women trousers
Cozy Waffle Easy Top,women tops
UA MK-1 Short Sleeve Printed Top,men tops
Miller Jacket,men outwear
Slim Performance Stretch Pants,men trousers
Mono Premium Band Oversized Tee,women tops
Foliage Print Cuffed Shorts,women shorts
Dp Plus Size Tropical Tie Waist Shirt,women shorts
Walker Shorts,men shorts
Logo chino pants,men trousers
Drape Top in Prussian Blue,women tops
Soft Utility Shorts,women shorts
Blue Over Dye Tyler Skinny Fit Jeans,men trousers
Mixed Print Sheath Dress,women dresses
Washed Chino Shorts,men shorts
Slim Fit Stretch Mesh Polo Shirt,men tops
Kimono Sleeve Surplice Waist Tie Dress,women dresses
Khaki Spray On Chinos,men trousers
